lurralde_kodea,herrialdea,euskarazko_izena,izen_ofiziala,biztanleria2014,emaitza,bai,ez,zuria,baliogabea,hautesleak,botoa_emandakoak,partehartzea,data,galdera,langabezia_tasa_2014,langabezia_tasa_2016_maiatza,euskara_gaitasuna
EH,,EUSKAL HERRIA,Euskal Herria / País Vasco / Pays Basque,3.124.259,,,,,,,,,,,"19,6",,
01001,Araba,Dulantzi,Alegría-Dulantzi,2.925,,,,,,,,,,,"23,3","10,8","45,74"
01002,Araba,Amurrio,Amurrio,10.239,,,,,,,,,,,"22,1","16,0","42,00"
01003,Araba,Aramaio,Aramaio,1.478,bai,602,28,2,7,1247,602,"51,34",2016-06-05,Nahi al duzu izan euskal estatu independente bateko herritar?,"13,0","3,6","88,27"
01004,Araba,Artziniega,Artziniega,1.818,,,,,,,,,,,"19,9","12,7","42,16"
01006,Araba,Armiñón,Armiñón,250,,,,,,,,,,,"14,8","8,3","27,55"
01008,Araba,Arratzua-Ubarrundia,Arrazua-Ubarrundia,994,,,,,,,,,,,"12,6","4,4","40,35"
01009,Araba,Asparrena,Asparrena,1.652,,,,,,,,,,,"15,0","12,6","43,50"
01010,Araba,Aiara,Ayala/Aiara,2.929,,,,,,,,,,,"18,0","8,3","46,35"
01011,Araba,Mañueta,Baños de Ebro/Mañueta,325,,,,,,,,,,,"16,7","2,2","28,96"
01013,Araba,Barrundia,Barrundia,915,,,,,,,,,,,"11,4","5,1","45,33"
01014,Araba,Berantevilla,Berantevilla,477,,,,,,,,,,,"17,0","10,7","24,89"
01016,Araba,Bernedo,Bernedo,545,,,,,,,,,,,"11,9","4,7","30,12"
01017,Araba,Kanpezu,Campezo/Kanpezu,1.084,,,,,,,,,,,"18,1","9,2","35,79"
01018,Araba,Zigoitia,Zigoitia,1.743,,,,,,,,,,,"12,4","5,0","45,80"
01019,Araba,Kripan,Kripan,188,,,,,,,,,,,"5,6","2,4","31,51"
01020,Araba,Kuartango,Kuartango,356,,,,,,,,,,,"19,0","5,9","36,80"
01021,Araba,Burgu,Elburgo/Burgelu,624,,,,,,,,,,,"14,7","5,5","39,53"
01022,Araba,Eltziego,Elciego,1.054,,,,,,,,,,,"22,8","9,2","30,44"
01023,Araba,Bilar,Elvillar / Bilar,351,,,,,,,,,,,"16,7","9,5","29,17"
01027,Araba,Iruraitz-Gauna,Iruraiz-Gauna,511,,,,,,,,,,,"17,2","4,7","38,48"
01028,Araba,Bastida,Labastida / Bastida,1.489,,,,,,,,,,,"20,5","9,3","43,42"
01030,Araba,Lagran,Lagrán,161,,,,,,,,,,,"28,6","5,7","21,98"
01031,Araba,Guardia,Laguardia,1.518,,,,,,,,,,,"12,7","8,2","36,65"
01032,Araba,Lantziego,Lanciego/Lantziego,681,,,,,,,,,,,"30,0","8,4","33,80"
01033,Araba,Lapuebla De Labarca,Lapuebla de Labarca,861,,,,,,,,,,,"27,6","12,5","34,30"
01034,Araba,Leza,Leza,207,,,,,,,,,,,"13,6","5,7","35,00"
01036,Araba,Laudio,Laudio / Llodio,18.428,,,,,,,,,,,"24,4","16,8","42,54"
01037,Araba,Arraia-Maeztu,Arraia-Maeztu,714,,,,,,,,,,,"25,9","6,1","34,72"
01039,Araba,Moreda,Moreda de Álava / Moreda Araba,236,,,,,,,,,,,"14,8","8,7","23,56"
01041,Araba,Navaridas,Navaridas,214,,,,,,,,,,,"18,2","4,4","26,42"
01042,Araba,Okondo,Okondo,1.158,,,,,,,,,,,"14,3","9,6","45,58"
01043,Araba,Oion,Oyón-Oion,3.298,,,,,,,,,,,"22,4","21,3","27,47"
01044,Araba,Urizaharra,Peñacerrada-Urizaharra,269,,,,,,,,,,,"9,1","1,8","27,80"
01046,Araba,Erriberagoitia,Erriberagoitia / Ribera Alta,751,,,,,,,,,,,"21,1","6,5","32,27"
01047,Araba,Erriberabeitia,Ribera Baja / Erribera Beitia,1.358,,,,,,,,,,,"25,0","9,8","36,45"
01049,Araba,Añana,Añana,165,,,,,,,,,,,"11,8","5,7","27,54"
01051,Araba,Agurain,Agurain / Salvatierra,4.952,,,,,,,,,,,"24,2","15,2","42,44"
01052,Araba,Samaniego,Samaniego,290,,,,,,,,,,,"28,1","1,3","38,29"
01053,Araba,Donemiliaga,San Millán/Donemiliaga,726,,,,,,,,,,,"15,1","7,3","38,56"
01054,Araba,Urkabustaiz,Urkabustaiz,1.278,,,,,,,,,,,"18,4","8,6","45,09"
01055,Araba,Gaubea,Valdegovía / Gaubea,1.038,,,,,,,,,,,"18,9","6,2","27,20"
01056,Araba,Harana,Harana/Valle de Arana,259,,,,,,,,,,,"25,0","9,7","20,28"
01057,Araba,Villabuena,Villabuena de Álava / Eskuernaga,312,,,,,,,,,,,"10,3","4,6","32,98"
01058,Araba,Legutio,Legutio,1.703,,,,,,,,,2017-05-07,,"16,0","10,4","52,08"
01059,Araba,Gasteiz,Vitoria-Gasteiz,242.082,,,,,,,,,,,"21,5","15,8","35,53"
01060,Araba,Ekora,Yécora / Iekora,258,,,,,,,,,,,"21,9","4,1","23,09"
01061,Araba,Zalduondo,Zalduondo,185,,,,,,,,,,,"14,3","7,5","47,86"
01062,Araba,Zanbrana,Zambrana,417,,,,,,,,,,,"29,5","9,5","23,00"
01063,Araba,Zuia,Zuia,2.427,,,,,,,,,,,"14,8","5,8","45,57"
01901,Araba,Iruña Oka,Iruña Oka/Iruña de Oca,3.108,,,,,,,,,,,"14,8","10,5","39,20"
01902,Araba,Lantarón,Lantarón,931,,,,,,,,,,,"16,2","6,8","23,51"
09109,Araba,Trebiñu,Condado de Treviño,1.398,,,,,,,,,,,"8,2",,
09276,Araba,Argantzun,La Puebla de Arganzón,531,,,,,,,,,,,"18,3",,
20001,Gipuzkoa,Abaltzisketa,Abaltzisketa,329,bai,166,3,1,3,270,173,64.07,2017-03-19,Nahi al duzu euskal estatu burujabe bateko herritarra izan?,"6,9","5,8","95,59"
20002,Gipuzkoa,Aduna,Aduna,471,bai,178,2,5,0,365,185,"50,68",2017-03-19,Nahi al duzu euskal estatu burujabe bateko herritarra izan?,"13,0","6,0","90,71"
20003,Gipuzkoa,Aizarnazabal,Aizarnazabal,775,,,,,,,,,2017-05-07,,"21,7","12,2","88,71"
20004,Gipuzkoa,Albiztur,Albiztur,327,bai,106,4,1,0,251,111,"44,22",2017-03-19,Nahi al duzu euskal estatu burujabe bateko herritarra izan?,"12,5","3,7","94,78"
20005,Gipuzkoa,Alegia,Alegia,1.744,bai,437,8,6,1,1443,452,"31,32",2017-03-19,Nahi al duzu euskal estatu burujabe bateko herritarra izan?,"15,7","11,9","83,09"
20006,Gipuzkoa,Alkiza,Alkiza,373,bai,140,2,5,0,272,147,"54,04",2017-03-19,Nahi al duzu euskal estatu burujabe bateko herritarra izan?,"15,4","6,2","91,57"
20007,Gipuzkoa,Altzo,Altzo,400,bai,178,2,7,0,332,187,"56,33",2017-03-19,Nahi al duzu euskal estatu burujabe bateko herritarra izan?,"21,4","10,7","90,55"
20008,Gipuzkoa,Amezketa,Amezketa,968,bai,408,17,11,0,773,436,"56,4",2017-03-19,Nahi al duzu euskal estatu burujabe bateko herritarra izan?,"15,2","7,8","93,56"
20009,Gipuzkoa,Andoain,Andoain,14.655,,,,,,,,,,,"18,7","12,3","63,88"
20010,Gipuzkoa,Anoeta,Anoeta,1.893,bai,561,20,0,13,1712,594,"34,7",2017-03-19,Nahi al duzu euskal estatu burujabe bateko herritarra izan?,"18,0","12,6","79,46"
20011,Gipuzkoa,Antzuola,Antzuola,2.193,bai,681,19,1,8,1754,709,"40,42",2016-06-05,Nahi al duzu izan euskal estatu independente bateko herritar?,"14,5","6,5","79,28"
20012,Gipuzkoa,Arama,Arama,217,bai,82,6,0,0,164,88,"53,66",2016-06-05,Nahi al duzu euskal estatu burujabe bateko herritarra izan?,"15,8","4,6","90,41"
20013,Gipuzkoa,Aretxabaleta,Aretxabaleta,6.995,bai,1618,69,2,11,5781,1700,"29,41",2016-06-05,Nahi al duzu izan euskal estatu independente bateko herritar?,"15,5","7,7","73,18"
20014,Gipuzkoa,Asteasu,Asteasu,1.523,bai,402,2,4,0,1200,408,34,2017-03-19,Nahi al duzu euskal estatu burujabe bateko herritarra izan?,"16,9","7,9","85,63"
20015,Gipuzkoa,Ataun,Ataun,1.700,bai,776,25,6,4,1365,811,"59,41",2016-06-05,Nahi al duzu euskal estatu burujabe bateko herritarra izan?,"15,5","6,8","90,20"
20016,Gipuzkoa,Aia,Aia,2.039,,,,,,,,,,,"13,3","7,4","91,19"
20017,Gipuzkoa,Azkoitia,Azkoitia,11.480,,,,,,,,,2017-05-07,,"21,8","11,5","80,98"
20018,Gipuzkoa,Azpeitia,Azpeitia,14.580,bai,4524,188,17,52,12142,4781,"39,38",2016-06-05,Nahi al duzu izan euskal estatu independente bateko herritar?,"15,3","10,6","87,64"
20019,Gipuzkoa,Beasain,Beasain,13.812,bai,2329,80,7,9,11478,2425,"21,13",2016-06-05,Nahi al duzu euskal estatu burujabe bateko herritarra izan?,"20,2","9,2","66,20"
20020,Gipuzkoa,Beizama,Beizama,167,,,,,,,,,,,"10,5","11,4","94,49"
20021,Gipuzkoa,Belauntza,Belauntza,260,bai,108,4,1,0,212,113,"53,3",2017-03-19,Nahi al duzu euskal estatu burujabe bateko herritarra izan?,"30,3","5,3","83,68"
20022,Gipuzkoa,Berastegi,Berastegi,1.056,bai,250,4,5,0,889,259,"29,13",2017-03-19,Nahi al duzu euskal estatu burujabe bateko herritarra izan?,"13,1","7,7","91,23"
20023,Gipuzkoa,Berrobi,Berrobi,568,bai,203,2,3,0,482,208,"43,15",2017-03-19,Nahi al duzu euskal estatu burujabe bateko herritarra izan?,"23,8","12,8","83,48"
20024,Gipuzkoa,Bidania-Goiatz,Bidegoian,524,bai,197,7,6,4,413,214,"51,82",2017-03-19,Nahi al duzu euskal estatu burujabe bateko herritarra izan?,"8,5","7,0","90,56"
20025,Gipuzkoa,Zegama,Zegama,1.527,bai,594,27,0,0,1267,621,"49,01",2016-06-05,Nahi al duzu euskal estatu burujabe bateko herritarra izan?,"12,2","9,1","87,85"
20026,Gipuzkoa,Zerain,Zerain,263,bai,149,2,1,1,210,153,"72,86",2016-06-05,Nahi al duzu euskal estatu burujabe bateko herritarra izan?,"17,4","8,6","92,69"
20027,Gipuzkoa,Zestoa,Zestoa,3.656,,,,,,,,,2017-05-07,,"17,3","11,0","86,17"
20028,Gipuzkoa,Zizurkil,Zizurkil,2.997,bai,616,13,4,0,2484,633,"25,48",2017-03-19,Nahi al duzu euskal estatu burujabe bateko herritarra izan?,"15,8","12,2","75,98"
20029,Gipuzkoa,Deba,Deba,5.450,,,,,,,,,2017-05-07,,"20,7","9,3","81,82"
20030,Gipuzkoa,Eibar,Eibar,27.440,,,,,,,,,2017-05-07,,"21,5","15,6","62,88"
20031,Gipuzkoa,Elduain,Elduain,239,bai,86,1,2,0,184,89,"48,37",2017-03-19,Nahi al duzu euskal estatu burujabe bateko herritarra izan?,"13,6","4,2","94,14"
20032,Gipuzkoa,Elgoibar,Elgoibar,11.488,,,,,,,,,2017-05-07,,"17,3","11,7","69,25"
20033,Gipuzkoa,Elgeta,Elgeta,1.121,bai,338,7,0,0,936,345,"36,86",2016-06-05,Nahi al duzu izan euskal estatu independente bateko herritar?,"19,0","7,8","84,28"
20034,Gipuzkoa,Eskoriatza,Eskoriatza,4.090,bai,803,86,3,2,3661,894,"24,42",2016-06-05,Nahi al duzu izan euskal estatu independente bateko herritar?,"18,1","9,5","69,11"
20035,Gipuzkoa,Ezkio-Itsaso,Ezkio-Itsaso,609,bai,257,9,3,2,490,271,"53,14",2016-06-05,Nahi al duzu euskal estatu burujabe bateko herritarra izan?,"13,9","7,0","88,69"
20036,Gipuzkoa,Hondarribia,Hondarribia,16.894,,,,,,,,,,,"15,7","9,5","71,45"
20037,Gipuzkoa,Gaintza,Gaintza,120,bai,67,4,5,1,106,77,"73,64",2016-06-05,Nahi al duzu euskal estatu burujabe bateko herritarra izan?,"23,1","10,0","93,70"
20038,Gipuzkoa,Gabiria,Gabiria,497,bai,193,4,0,0,404,197,"48,76",2016-06-05,Nahi al duzu euskal estatu burujabe bateko herritarra izan?,"8,5","4,6","90,59"
20039,Gipuzkoa,Getaria,Getaria,2.726,,,,,,,,,2017-05-07,,"15,9","6,3","90,26"
20040,Gipuzkoa,Hernani,Hernani,19.601,bai,4113,81,47,12,17168,4253,"24,77",2017-03-19,Nahi al duzu Euskal Herria errepublika burujabea eta independentea izatea?,"23,3","12,0","68,42"
20041,Gipuzkoa,Hernialde,Hernialde,350,bai,74,2,2,0,270,78,"28,89",2017-03-19,Nahi al duzu euskal estatu burujabe bateko herritarra izan?,"14,3","6,1","87,18"
20042,Gipuzkoa,Ibarra,Ibarra,4.256,bai,918,23,7,4,3515,952,"27,08",2017-03-19,Nahi al duzu euskal estatu burujabe bateko herritarra izan?,"12,5","12,9","72,99"
20043,Gipuzkoa,Idiazabal,Idiazabal,2.306,bai,825,33,9,4,1856,871,"46,93",2016-06-05,Nahi al duzu euskal estatu burujabe bateko herritarra izan?,"9,5","8,0","87,12"
20044,Gipuzkoa,Ikaztegieta,Ikaztegieta,464,bai,172,6,8,0,401,186,"46,38",2017-03-19,Nahi al duzu euskal estatu burujabe bateko herritarra izan?,"27,5","10,8","85,11"
20045,Gipuzkoa,Irun,Irun,61.195,,,,,,,,,,,"23,7","14,8","49,75"
20046,Gipuzkoa,Irura,Irura,1.671,bai,381,10,6,1,1385,398,"28,74",2017-03-19,Nahi al duzu euskal estatu burujabe bateko herritarra izan?,"10,4","11,2","81,34"
20047,Gipuzkoa,Itsasondo,Itsasondo,666,bai,183,6,2,2,527,193,"36,62",2016-06-05,Nahi al duzu euskal estatu burujabe bateko herritarra izan?,"17,9","8,4","82,18"
20048,Gipuzkoa,Larraul,Larraul,260,bai,81,0,2,0,192,83,"43,23",2017-03-19,Nahi al duzu euskal estatu burujabe bateko herritarra izan?,"7,4","7,2","90,38"
20049,Gipuzkoa,Lazkao,Lazkao,5.465,bai,1415,28,11,9,4552,1463,"32,14",2016-06-05,Nahi al duzu euskal estatu burujabe bateko herritarra izan?,"18,2","8,0","70,99"
20050,Gipuzkoa,Leaburu,Leaburu,373,bai,120,0,0,0,324,120,"37,04",2017-03-19,Nahi al duzu euskal estatu burujabe bateko herritarra izan?,"16,7","11,7","87,13"
20051,Gipuzkoa,Legazpi,Legazpi,8.608,bai,1476,41,5,6,7290,1528,"20,96",2016-06-05,Nahi al duzu euskal estatu burujabe bateko herritarra izan?,"21,5","8,8","67,79"
20052,Gipuzkoa,Legorreta,Legorreta,1.468,bai,440,18,5,5,1201,468,"38,97",2016-06-05,Nahi al duzu euskal estatu burujabe bateko herritarra izan?,"22,8","9,7","78,13"
20053,Gipuzkoa,Lezo,Lezo,6.007,bai,1267,25,14,6,5129,1312,"25,58",2017-03-19,Nahi al duzu euskal estatu libre bateko herritarra izan?,"17,7","10,5","68,81"
20054,Gipuzkoa,Lizartza,Lizartza,640,bai,285,6,2,1,512,294,"57,42",2017-03-19,Nahi al duzu euskal estatu burujabe bateko herritarra izan?,"20,0","7,6","86,66"
20055,Gipuzkoa,Arrasate,Arrasate/Mondragón,22.052,bai,4267,209,7,22,19119,4505,"23,56",2016-06-05,Nahi al duzu izan euskal estatu independente bateko herritar?,"16,9","13,9","65,49"
20056,Gipuzkoa,Mutriku,Mutriku,5.293,,,,,,,,,2017-05-07,,"19,8","8,7","86,06"
20057,Gipuzkoa,Mutiloa,Mutiloa,262,bai,132,10,0,1,200,143,"71,5",2016-06-05,Nahi al duzu euskal estatu burujabe bateko herritarra izan?,"3,8","5,1","89,01"
20058,Gipuzkoa,Olaberria,Olaberria,957,bai,171,2,0,0,818,173,"21,15",2016-06-05,Nahi al duzu euskal estatu burujabe bateko herritarra izan?,"20,7","9,3","64,29"
20059,Gipuzkoa,Oñati,Oñati,11.282,bai,3232,100,10,29,9448,3371,"35,68",2016-06-05,Nahi al duzu izan euskal estatu independente bateko herritar?,"12,7","7,6","81,56"
20060,Gipuzkoa,Orexa,Orexa,123,bai,77,0,1,0,95,78,"82,11",2017-03-19,Nahi al duzu euskal estatu burujabe bateko herritarra izan?,"14,3","1,9","96,73"
20061,Gipuzkoa,Orio,Orio,5.694,,,,,,,,,2017-05-07,,"16,7","9,3","83,13"
20062,Gipuzkoa,Ormaiztegi,Ormaiztegi,1.305,bai,466,12,4,3,1171,485,"41,42",2016-06-05,Nahi al duzu euskal estatu burujabe bateko herritarra izan?,"16,3","8,8","79,18"
20063,Gipuzkoa,Oiartzun,Oiartzun,9.970,bai,3307,45,64,10,8523,3426,"40,2",2017-03-19,Nahi al duzu euskal estatu bateko herritarra izan?,"16,4","9,1","81,88"
20064,Gipuzkoa,Pasaia,Pasaia,15.929,bai,2326,66,38,13,14027,2443,"17,42",2017-03-19,Nahi al duzu Euskal Herri burujabe bateko herritarra izan?,"22,8","15,2","52,30"
20065,Gipuzkoa,Soraluze,Soraluze-Placencia de las Armas,3.991,,,,,,,,,2017-05-07,,"26,5","15,6","67,24"
20066,Gipuzkoa,Errezil,Errezil,594,,,,,,,,,2017-05-07,,"33,3","8,4","91,50"
20067,Gipuzkoa,Errenteria,Errenteria,39.230,bai,4491,260,66,52,33435,5186,"15,51",2017-03-19,"1) Ados zaude euskal errepublika burujabe bat eratzearekin? 2) Aurreko erantzuna baiezkoa bada, ados zaude independentea izatearekin?
","22,4","14,1","51,73"
20068,Gipuzkoa,Leintz Gatzaga,Leintz-Gatzaga,244,bai,100,5,2,0,204,107,"52,45",2016-06-05,Nahi al duzu izan euskal estatu independente bateko herritar?,"16,0","6,1","84,12"
20069,Gipuzkoa,Donostia,Donostia-San Sebastián,186.126,,,,,,,,,,,"18,2","11,0","54,89"
20070,Gipuzkoa,Segura,Segura,1.480,bai,644,33,3,6,1212,686,"56,6",2016-06-05,Nahi al duzu euskal estatu burujabe bateko herritarra izan?,"10,6","7,7","85,52"
20071,Gipuzkoa,Tolosa,Tolosa,18.936,bai,4091,99,46,14,16343,4250,"26,01",2017-03-19,Nahi al duzu euskal estatu burujabe bateko herritarra izan?,"16,3","13,0","75,72"
20072,Gipuzkoa,Urnieta,Urnieta,6.198,,,,,,,,,,,"20,4","8,9","69,72"
20073,Gipuzkoa,Usurbil,Usurbil,6.168,,,,,,,,,2017-05-07,,"11,9","9,7","78,15"
20074,Gipuzkoa,Bergara,Bergara,14.831,bai,3549,154,17,17,12684,3737,"29,46",2016-06-05,Nahi al duzu izan euskal estatu independente bateko herritar?,"15,8","9,4","75,97"
20075,Gipuzkoa,Villabona-Amasa,Villabona,5.888,bai,1401,29,19,3,4925,1452,"29,48",2017-03-19,Nahi al duzu euskal estatu burujabe bateko herritarra izan?,"20,6","12,9","75,35"
20076,Gipuzkoa,Ordizia,Ordizia,9.803,bai,1786,84,14,10,8252,1894,"22,95",2016-06-05,Nahi al duzu euskal estatu burujabe bateko herritarra izan?,"19,4","12,1","67,68"
20077,Gipuzkoa,Urretxu,Urretxu,6.890,bai,1127,42,7,1,5675,1177,"20,62",2016-06-05,Nahi al duzu euskal estatu burujabe bateko herritarra izan?,"19,0","9,4","68,12"
20078,Gipuzkoa,Zaldibia,Zaldibia,1.558,bai,764,14,3,5,1187,786,"66,22",2016-06-05,Nahi al duzu euskal estatu burujabe bateko herritarra izan?,"11,3","8,3","85,88"
20079,Gipuzkoa,Zarautz,Zarautz,22.890,,,,,,,,,2017-05-07,,"17,6","10,0","78,53"
20080,Gipuzkoa,Zumarraga,Zumarraga,9.950,bai,1104,30,5,1,8487,1144,"13,43",2016-06-05,Nahi al duzu euskal estatu burujabe bateko herritarra izan?,"23,0","12,9","57,31"
20081,Gipuzkoa,Zumaia,Zumaia,9.734,,,,,,,,,2017-05-07,,"19,5","10,6","79,45"
20901,Gipuzkoa,Mendaro,Mendaro,1.998,,,,,,,,,2017-05-07,,"15,1","9,8","79,00"
20902,Gipuzkoa,Lasarte-Oria,Lasarte-Oria,18.082,,,,,,,,,2017-05-07,,"19,8","12,9","53,55"
20903,Gipuzkoa,Astigarraga,Astigarraga,5.535,bai,916,26,8,3,4768,953,"19,99",2017-03-19,Nahi al duzu Euskal Herria errepublika burujabea eta independentea izatea?,"20,1","8,9","71,31"
20904,Gipuzkoa,Baliarrain,Baliarrain,130,bai,70,6,0,1,100,77,77,2017-03-19,Nahi al duzu euskal estatu burujabe bateko herritarra izan?,"14,3","11,7","96,22"
20905,Gipuzkoa,Orendain,Orendain,193,bai,118,1,2,1,161,122,"75,78",2017-03-19,Nahi al duzu euskal estatu burujabe bateko herritarra izan?,"17,6","6,0","93,15"
20906,Gipuzkoa,Altzaga,Altzaga,165,bai,75,0,1,0,154,76,"49,35",2016-06-05,Nahi al duzu euskal estatu burujabe bateko herritarra izan?,"12,5","10,1","89,29"
20907,Gipuzkoa,Gaztelu,Gaztelu,171,bai,71,0,0,0,134,71,"52,99",2017-03-19,Nahi al duzu euskal estatu burujabe bateko herritarra izan?,"25,0","2,2","94,48"
31001,Nafarroa Garaia,Abaigar,Abáigar,98,,,,,,,,,,,"0,0",,"5,10"
31002,Nafarroa Garaia,Abartzuza,Abárzuza <> Abartzuza,556,,,,,,,,,,,"0,0",,"12,06"
31003,Nafarroa Garaia,Abaurregaina,Abaurregaina/Abaurrea Alta,132,,,,,,,,,,,"0,0",,"51,57"
31004,Nafarroa Garaia,Abaurrepea,Abaurrepea/Abaurrea Baja,38,,,,,,,,,,,"0,0",,"25,53"
31005,Nafarroa Garaia,Aberin,Aberin,382,,,,,,,,,,,"30,2",,"6,66"
31006,Nafarroa Garaia,Ablitas,Ablitas,2.549,,,,,,,,,,,"0,0",,"4,72"
31007,Nafarroa Garaia,Adios,Adiós,170,,,,,,,,,,,"0,0",,"6,20"
31008,Nafarroa Garaia,Aguilar Kodes,Aguilar de Codés,94,,,,,,,,,,,"0,0",,"3,06"
31009,Nafarroa Garaia,Oibar,Aibar <> Oibar,836,,,,,,,,,,,"0,0",,"9,03"
31010,Nafarroa Garaia,Altsasu,Altsasu/Alsasua,7.612,,,,,,,,,2017-06-18,,"0,0",,"32,92"
31011,Nafarroa Garaia,Allin,Allín <> Allin,840,,,,,,,,,,,"21,3",,"9,38"
31012,Nafarroa Garaia,Allo,Allo,1.019,,,,,,,,,,,"0,0",,"6,75"
31013,Nafarroa Garaia,Ameskoabarrena,Améscoa Baja,764,,,,,,,,,,,"0,0",,"13,62"
31014,Nafarroa Garaia,Antzin,Ancín <> Antzin,385,,,,,,,,,,,"0,0",,"6,57"
31015,Nafarroa Garaia,Andosilla,Andosilla,2.779,,,,,,,,,,,"0,0",,"3,26"
31016,Nafarroa Garaia,Antsoain,Ansoáin <> Antsoain,10.861,,,,,,,,,,,"0,0",,"15,66"
31017,Nafarroa Garaia,Anue,Anue,462,,,,,,,,,,,"12,8",,"28,02"
31018,Nafarroa Garaia,Añorbe,Añorbe,557,,,,,,,,,,,"0,0",,"3,71"
31019,Nafarroa Garaia,Agoitz,Aoiz/Agoitz,2.629,,,,,,,,,,,"0,0",,"21,88"
31020,Nafarroa Garaia,Araitz,Araitz,533,,,,,,,,,2017-06-18,,"0,0",,"95,70"
31021,Nafarroa Garaia,Aranaratxe,Aranarache <> Aranaratxe,77,,,,,,,,,,,"0,0",,"63,98"
31022,Nafarroa Garaia,Arantza,Arantza,629,,,,,,,,,2017-06-18,,"0,0",,"97,37"
31023,Nafarroa Garaia,Aranguren,Aranguren,8.982,,,,,,,,,,,"0,0",,"13,56"
31024,Nafarroa Garaia,Arano,Arano,111,,,,,,,,,2017-06-18,,"0,0",,"90,98"
31025,Nafarroa Garaia,Arakil,Arakil,941,,,,,,,,,,,"0,0",,"27,68"
31026,Nafarroa Garaia,Aras,Aras,184,,,,,,,,,,,"0,0",,"2,82"
31027,Nafarroa Garaia,Arbizu,Arbizu,1.117,,,,,,,,,2017-06-18,,"0,0",,"87,81"
31028,Nafarroa Garaia,Artzibar,Arce <> Artzi,282,,,,,,,,,,,"22,6",,"11,81"
31029,Nafarroa Garaia,Los Arcos,Los Arcos,1.167,,,,,,,,,,,"0,0",,"4,48"
31030,Nafarroa Garaia,Arellano,Arellano,184,,,,,,,,,,,"0,0",,"13,23"
31031,Nafarroa Garaia,Areso,Areso,266,,,,,,,,,2017-06-18,,"0,0",,"95,57"
31032,Nafarroa Garaia,Arguedas,Arguedas,2.313,,,,,,,,,,,"0,0",,"0,67"
31033,Nafarroa Garaia,Aria,Aria,55,,,,,,,,,,,"0,0",,"58,82"
31034,Nafarroa Garaia,Aribe,Aribe,44,,,,,,,,,,,"14,2",,"30,17"
31035,Nafarroa Garaia,Armañantzas,Armañanzas,61,,,,,,,,,,,"0,0",,"1,20"
31036,Nafarroa Garaia,Arroitz,Arróniz,1.078,,,,,,,,,,,"0,0",,"5,04"
31037,Nafarroa Garaia,Arruazu,Arruazu,111,,,,,,,,,2017-06-18,,"0,0",,"84,34"
31038,Nafarroa Garaia,Artaxoa,Artajona,1.697,,,,,,,,,,,"0,0",,"5,32"
31039,Nafarroa Garaia,Artazu,Artazu,118,,,,,,,,,,,"0,0",,"10,68"
31040,Nafarroa Garaia,Atetz,Atez,218,,,,,,,,,,,"0,0",,"38,44"
31041,Nafarroa Garaia,Aiegi,Ayegui <> Aiegi,2.191,,,,,,,,,,,"0,0",,"8,50"
31042,Nafarroa Garaia,Azagra,Azagra,3.801,,,,,,,,,,,"0,0",,"0,54"
31043,Nafarroa Garaia,Azuelo,Azuelo,37,,,,,,,,,,,"24,8",,"1,06"
31044,Nafarroa Garaia,Bakaiku,Bakaiku,336,bai,156,26,10,2,297,194,"65,31",2016-11-27,Euskal Herri independente bateko herritarra izan nahi duzu?,"0,0",,"68,31"
31045,Nafarroa Garaia,Barasoain,Barásoain,676,,,,,,,,,,,"0,0",,"15,03"
31046,Nafarroa Garaia,Barbarin,Barbarin,63,,,,,,,,,,,"0,0",,"2,33"
31047,Nafarroa Garaia,Bargota,Bargota,295,,,,,,,,,,,"0,0",,"3,97"
31048,Nafarroa Garaia,Barillas,Barillas,201,,,,,,,,,,,"0,0",,"1,54"
31049,Nafarroa Garaia,Basaburua,Basaburua,871,,,,,,,,,2017-06-18,,"0,0",,"81,83"
31050,Nafarroa Garaia,Baztan,Baztan,7.848,,,,,,,,,,,"0,0",,"84,25"
31051,Nafarroa Garaia,Beire,Beire,303,,,,,,,,,,,"0,0",,"5,82"
31052,Nafarroa Garaia,Beraskoain,Belascoáin,124,,,,,,,,,,,"37,0",,"7,87"
31053,Nafarroa Garaia,Berbintzana,Berbinzana,673,,,,,,,,,,,"0,0",,"7,53"
31054,Nafarroa Garaia,Bertizarana,Bertizarana,602,,,,,,,,,,,"0,0",,"84,24"
31055,Nafarroa Garaia,Betelu,Betelu,332,,,,,,,,,2017-06-18,,"11,9",,"91,10"
31056,Nafarroa Garaia,Biurrun-Olkotz,Biurrun-Olcoz,223,,,,,,,,,,,"35,3",,"9,19"
31057,Nafarroa Garaia,Buñuel,Buñuel,2.279,,,,,,,,,,,"0,0",,"0,41"
31058,Nafarroa Garaia,Auritz,Auritz/Burguete,260,,,,,,,,,,,"0,0",,"44,10"
31059,Nafarroa Garaia,Burgi,Burgui <> Burgi,229,,,,,,,,,,,"0,0",,"9,13"
31060,Nafarroa Garaia,Burlata,Burlada <> Burlata,18.237,,,,,,,,,,,"0,0",,"16,94"
31061,Nafarroa Garaia,El Busto,El Busto,70,,,,,,,,,,,"0,0",,"4,35"
31062,Nafarroa Garaia,Cabanillas,Cabanillas,1.429,,,,,,,,,,,"0,0",,"0,72"
31063,Nafarroa Garaia,Cabredo,Cabredo,102,,,,,,,,,,,"15,7",,"5,13"
31064,Nafarroa Garaia,Cadreita,Cadreita,2.046,,,,,,,,,,,"0,0",,"2,11"
31065,Nafarroa Garaia,Caparroso,Caparroso,2.794,,,,,,,,,,,"20,3",,"3,25"
31066,Nafarroa Garaia,Cárcar,Cárcar,1.081,,,,,,,,,,,"0,0",,"1,61"
31067,Nafarroa Garaia,Zarrakaztelu,Carcastillo,2.504,,,,,,,,,,,"0,0",,"4,28"
31068,Nafarroa Garaia,Cascante,Cascante,3.888,,,,,,,,,,,"0,0",,"1,82"
31069,Nafarroa Garaia,Kaseda,Cáseda,1.014,,,,,,,,,,,"0,0",,"9,39"
31070,Nafarroa Garaia,Castejón,Castejón,4.120,,,,,,,,,,,"24,6",,"1,62"
31071,Nafarroa Garaia,Gazteluberri,Castillo-Nuevo,18,,,,,,,,,,,"0,0",,"0,00"
31072,Nafarroa Garaia,Cintruénigo,Cintruénigo,7.768,,,,,,,,,,,"0,0",,"1,51"
31073,Nafarroa Garaia,Ziordia,Ziordia,380,,,,,,,,,2017-06-18,,"0,0",,"38,84"
31074,Nafarroa Garaia,Zirauki,Cirauqui <> Zirauki,491,,,,,,,,,,,"0,0",,"10,75"
31075,Nafarroa Garaia,Ziritza,Ciriza <> Ziritza,123,,,,,,,,,,,"0,0",,"11,72"
31076,Nafarroa Garaia,Zizur,Cizur,3.796,,,,,,,,,,,"0,0",,"10,74"
31077,Nafarroa Garaia,Corella,Corella,7.753,,,,,,,,,,,"0,0",,"0,91"
31078,Nafarroa Garaia,Cortes,Cortes,3.199,,,,,,,,,,,"0,0",,"4,23"
31079,Nafarroa Garaia,Desoio,Desojo,83,,,,,,,,,,,"0,0",,"4,37"
31080,Nafarroa Garaia,Deikaztelu,Dicastillo,639,,,,,,,,,,,"0,0",,"6,47"
31081,Nafarroa Garaia,Donamaria,Donamaria,456,,,,,,,,,,,"0,0",,"95,82"
31082,Nafarroa Garaia,Etxalar,Etxalar,819,,,,,,,,,2017-06-18,,"0,0",,"93,37"
31083,Nafarroa Garaia,Etxarri,Echarri,78,,,,,,,,,,,"0,0",,"16,67"
31084,Nafarroa Garaia,Etxarri-Aranatz,Etxarri-Aranatz,2.491,bai,804,18,26,3,1990,851,"42,76",2014-04-13,Nahi duzu Euskal Herria independiente bateko herritarra izan?,"16,9",,"81,88"
31085,Nafarroa Garaia,Etxauri,Etxauri,586,,,,,,,,,,,"0,0",,"20,98"
31086,Nafarroa Garaia,Eguesibar,Egüés,19.014,,,,,,,,,,,"0,0",,"11,73"
31087,Nafarroa Garaia,Elgorriaga,Elgorriaga,226,,,,,,,,,,,"0,0",,"87,50"
31088,Nafarroa Garaia,Noain Elortzibar,Noáin (Valle de Elorz) <> Noain (Elortzibar),7.837,,,,,,,,,,,"0,0",,"7,73"
31089,Nafarroa Garaia,Eneritz,Enériz <> Eneritz,334,,,,,,,,,,,"0,0",,"5,26"
31090,Nafarroa Garaia,Eratsun,Eratsun,160,,,,,,,,,,,"0,0",,"95,66"
31091,Nafarroa Garaia,Ergoiena,Ergoiena,400,,,,,,,,,,,"0,0",,"93,25"
31092,Nafarroa Garaia,Erroibar,Erro,809,,,,,,,,,,,"0,0",,"33,51"
31093,Nafarroa Garaia,Ezkaroze,Ezcároz <> Ezkaroze,329,,,,,,,,,,,"0,0",,"14,25"
31094,Nafarroa Garaia,Eslaba,Eslava,127,,,,,,,,,,,"0,0",,"3,09"
31095,Nafarroa Garaia,Espartza,Esparza de Salazar <> Espartza Zaraitzu,82,,,,,,,,,,,"0,0",,"26,47"
31096,Nafarroa Garaia,Esprontzeda,Espronceda,119,,,,,,,,,,,"0,0",,"1,22"
31097,Nafarroa Garaia,Lizarra,Estella <> Lizarra,13.695,,,,,,,,,,,"0,0",,"16,03"
31098,Nafarroa Garaia,Esteribar,Esteribar,2.509,,,,,,,,,,,"0,0",,"23,69"
31099,Nafarroa Garaia,Etaiu,Etayo,79,,,,,,,,,,,"0,0",,"7,39"
31100,Nafarroa Garaia,Eulate,Eulate,315,,,,,,,,,,,"0,0",,"26,52"
31101,Nafarroa Garaia,Ezkabarte,Ezcabarte,1.816,,,,,,,,,,,"0,0",,"19,44"
31102,Nafarroa Garaia,Ezkurra,Ezkurra,152,,,,,,,,,,,"0,0",,"98,53"
31103,Nafarroa Garaia,Ezporogi,Ezprogui,46,,,,,,,,,,,"0,0",,"19,17"
31104,Nafarroa Garaia,Faltzes,Falces,2.443,,,,,,,,,,,"0,0",,"3,31"
31105,Nafarroa Garaia,Fitero,Fitero,2.062,,,,,,,,,,,"0,0",,"6,04"
31106,Nafarroa Garaia,Fontellas,Fontellas,958,,,,,,,,,,,"0,0",,"1,75"
31107,Nafarroa Garaia,Funes,Funes,2.488,,,,,,,,,,,"0,0",,"0,64"
31108,Nafarroa Garaia,Fustiñana,Fustiñana,2.528,,,,,,,,,,,"0,0",,"0,94"
31109,Nafarroa Garaia,Galar,Galar,2.007,,,,,,,,,,,"27,1",,"4,65"
31110,Nafarroa Garaia,Galipentzu,Gallipienzo <> Galipentzu,115,,,,,,,,,,,"0,0",,"5,30"
31111,Nafarroa Garaia,Galoze,Gallués <> Galoze,97,,,,,,,,,,,"0,0",,"10,33"
31112,Nafarroa Garaia,Garaioa,Garaioa,95,,,,,,,,,,,"0,0",,"22,22"
31113,Nafarroa Garaia,Garde,Garde,161,,,,,,,,,,,"0,0",,"3,21"
31114,Nafarroa Garaia,Garinoain,Garínoain,495,,,,,,,,,,,"0,0",,"4,66"
31115,Nafarroa Garaia,Garralda,Garralda,186,,,,,,,,,,,"0,0",,"47,00"
31116,Nafarroa Garaia,Genevilla,Genevilla,73,,,,,,,,,,,"0,0",,"7,73"
31117,Nafarroa Garaia,Goizueta,Goizueta,747,,,,,,,,,2017-06-18,,"0,0",,"96,73"
31118,Nafarroa Garaia,Goñerri,Goñi,170,,,,,,,,,,,"0,0",,"5,44"
31119,Nafarroa Garaia,Gorza,Güesa <> Gorza,45,,,,,,,,,,,"0,0",,"5,56"
31120,Nafarroa Garaia,Gesalatz,Guesálaz <> Gesalatz,456,,,,,,,,,,,"0,0",,"13,57"
31121,Nafarroa Garaia,Girgillao,Guirguillano,86,,,,,,,,,,,"0,0",,"16,86"
31122,Nafarroa Garaia,Uharte,Huarte <> Uharte,6.941,,,,,,,,,,,"0,0",,"20,11"
31123,Nafarroa Garaia,Uharte Arakil,Uharte-Arakil,839,,,,,,,,,2017-06-18,,"24,9",,"36,55"
31124,Nafarroa Garaia,Ibargoiti,Ibargoiti,248,,,,,,,,,,,"0,0",,"7,33"
31125,Nafarroa Garaia,Iguzkitza,Igúzquiza,333,,,,,,,,,,,"0,0",,"10,47"
31126,Nafarroa Garaia,Imotz,Imotz,434,,,,,,,,,2017-06-18,,"0,0",,"69,25"
31127,Nafarroa Garaia,Irañeta,Irañeta,171,,,,,,,,,,,"0,0",,"44,19"
31128,Nafarroa Garaia,Izaba,Isaba <> Izaba,474,,,,,,,,,,,"0,0",,"18,73"
31129,Nafarroa Garaia,Ituren,Ituren,525,,,,,,,,,,,"0,0",,"95,09"
31130,Nafarroa Garaia,Iturmendi,Iturmendi,392,,,,,,,,,2017-06-18,,"0,0",,"46,23"
31131,Nafarroa Garaia,Itza,Iza,1.156,,,,,,,,,,,"0,0",,"13,04"
31132,Nafarroa Garaia,Itzagaondoa,Izagaondoa,180,,,,,,,,,,,"0,0",,"15,57"
31133,Nafarroa Garaia,Itzaltzu,Izalzu <> Itzaltzu,50,,,,,,,,,,,"21,0",,"16,67"
31134,Nafarroa Garaia,Jaurrieta,Jaurrieta,208,,,,,,,,,,,"0,0",,"18,72"
31135,Nafarroa Garaia,Xabier,Javier,116,,,,,,,,,,,"0,0",,"3,05"
31136,Nafarroa Garaia,Txulapain,Juslapeña,548,,,,,,,,,,,"0,0",,"24,36"
31137,Nafarroa Garaia,Labaien,Labaien,234,,,,,,,,,,,"0,0",,"96,65"
31138,Nafarroa Garaia,Lakuntza,Lakuntza,1.262,,,,,,,,,2017-06-18,,"0,0",,"69,37"
31139,Nafarroa Garaia,Lana,Lana,182,,,,,,,,,,,"21,5",,"5,81"
31140,Nafarroa Garaia,Lantz,Lantz,149,,,,,,,,,,,"25,6",,"32,50"
31141,Nafarroa Garaia,Lapoblación,Lapoblación,141,,,,,,,,,,,"0,0",,"10,05"
31142,Nafarroa Garaia,Larraga,Larraga,2.093,,,,,,,,,,,"0,0",,"3,75"
31143,Nafarroa Garaia,Larragoa,Larraona,116,,,,,,,,,,,"0,0",,"28,57"
31144,Nafarroa Garaia,Larraun,Larraun,1.002,,,,,,,,,2017-06-18,,"27,3",,"89,33"
31145,Nafarroa Garaia,Elizagorria,Lazagurría,204,,,,,,,,,,,"0,0",,"0,23"
31146,Nafarroa Garaia,Leatxe,Leache,49,,,,,,,,,,,"0,0",,"1,09"
31147,Nafarroa Garaia,Legarda,Legarda,114,,,,,,,,,,,"0,0",,"6,74"
31148,Nafarroa Garaia,Legaria,Legaria,106,,,,,,,,,,,"20,0",,"5,51"
31149,Nafarroa Garaia,Leitza,Leitza,2.906,,,,,,,,,2017-06-18,,"21,8",,"93,04"
31150,Nafarroa Garaia,Leotz,Leoz <> Leotz,253,,,,,,,,,,,"0,0",,"18,90"
31151,Nafarroa Garaia,Lerga,Lerga,65,,,,,,,,,,,"0,0",,"5,00"
31152,Nafarroa Garaia,Lerin,Lerín,1.706,,,,,,,,,,,"0,0",,"3,32"
31153,Nafarroa Garaia,Lesaka,Lesaka,2.742,,,,,,,,,2017-06-18,,"0,0",,"87,01"
31154,Nafarroa Garaia,Lezaun,Lezáun,263,,,,,,,,,,,"0,0",,"13,32"
31155,Nafarroa Garaia,Ledea,Liédena,318,,,,,,,,,,,"0,0",,"5,65"
31156,Nafarroa Garaia,Lizoainibar-Arriasgoiti,Lizoain-Arriasgoiti,317,,,,,,,,,,,"18,9",,"16,59"
31157,Nafarroa Garaia,Lodosa,Lodosa,4.760,,,,,,,,,,,"0,0",,"2,60"
31158,Nafarroa Garaia,Longida,Lónguida <> Longida,318,,,,,,,,,,,"26,4",,"8,51"
31159,Nafarroa Garaia,Irunberri,Lumbier,1.346,,,,,,,,,,,"0,0",,"13,46"
31160,Nafarroa Garaia,Lukin,Luquin,138,,,,,,,,,,,"0,0",,"3,94"
31161,Nafarroa Garaia,Mañeru,Mañeru,436,,,,,,,,,,,"0,0",,"8,33"
31162,Nafarroa Garaia,Marañón,Marañón,51,,,,,,,,,,,"0,0",,"3,73"
31163,Nafarroa Garaia,Martzilla,Marcilla,2.823,,,,,,,,,,,"0,0",,"1,94"
31164,Nafarroa Garaia,Mélida,Mélida,742,,,,,,,,,,,"0,0",,"2,79"
31165,Nafarroa Garaia,Mendabia,Mendavia,3.616,,,,,,,,,,,"0,0",,"2,32"
31166,Nafarroa Garaia,Mendaza,Mendaza,318,,,,,,,,,,,"0,0",,"12,72"
31167,Nafarroa Garaia,Mendigorria,Mendigorría,1.078,,,,,,,,,,,"0,0",,"3,48"
31168,Nafarroa Garaia,Metauten,Metauten,289,,,,,,,,,,,"0,0",,"8,19"
31169,Nafarroa Garaia,Milagro,Milagro,3.366,,,,,,,,,,,"0,0",,"0,38"
31170,Nafarroa Garaia,Mirafuentes,Mirafuentes,54,,,,,,,,,,,"0,0",,"50,91"
31171,Nafarroa Garaia,Miranda Arga,Miranda de Arga,878,,,,,,,,,,,"19,6",,"8,18"
31172,Nafarroa Garaia,Elo,Monreal <> Elo,478,,,,,,,,,,,"26,1",,"6,32"
31173,Nafarroa Garaia,Monteagudo,Monteagudo,1.105,,,,,,,,,,,"0,0",,"0,42"
31174,Nafarroa Garaia,Morentin,Morentin,135,,,,,,,,,,,"0,0",,"7,32"
31175,Nafarroa Garaia,Mues,Mués,81,,,,,,,,,,,"0,0",,"5,05"
31176,Nafarroa Garaia,Murchante,Murchante,3.761,,,,,,,,,,,"24,2",,"0,80"
31177,Nafarroa Garaia,Murieta,Murieta,346,,,,,,,,,,,"0,0",,"4,31"
31178,Nafarroa Garaia,Murillo El Cuende,Murillo el Cuende,653,,,,,,,,,,,"0,0",,"3,21"
31179,Nafarroa Garaia,Murillo El Fruto,Murillo el Fruto,640,,,,,,,,,,,"0,0",,"1,85"
31180,Nafarroa Garaia,Muruzabal,Muruzábal,271,,,,,,,,,,,"0,0",,"4,85"
31181,Nafarroa Garaia,Nabaskoze,Navascués,158,,,,,,,,,,,"0,0",,"10,59"
31182,Nafarroa Garaia,Nazar,Nazar,45,,,,,,,,,,,"0,0",,"13,89"
31183,Nafarroa Garaia,Obanos,Obanos,919,,,,,,,,,,,"18,7",,"10,70"
31184,Nafarroa Garaia,Oko,Oco,66,,,,,,,,,,,"16,2",,"13,13"
31185,Nafarroa Garaia,Otsagabia,Ochagavía <> Otsagabia,584,,,,,,,,,,,"24,7",,"20,52"
31186,Nafarroa Garaia,Odieta,Odieta,364,,,,,,,,,,,"0,0",,"36,98"
31187,Nafarroa Garaia,Oiz,Oitz,140,,,,,,,,,,,"0,0",,"94,16"
31188,Nafarroa Garaia,Olaibar,Oláibar,289,,,,,,,,,,,"17,0",,"20,06"
31189,Nafarroa Garaia,Olatzagutia,Olazti/Olazagutía,1.552,,,,,,,,,2017-06-18,,"17,2",,"33,62"
31190,Nafarroa Garaia,Olexoa,Olejua,52,,,,,,,,,,,"0,0",,"3,64"
31191,Nafarroa Garaia,Erriberri,Olite <> Erriberri,3.886,,,,,,,,,,,"28,6",,"6,20"
31192,Nafarroa Garaia,Oloritz,Olóriz,191,,,,,,,,,,,"19,8",,"15,55"
31193,Nafarroa Garaia,Oltza Zendea,Cendea de Olza <> Oltza zendea,1.806,,,,,,,,,,,"26,8",,"15,49"
31194,Nafarroa Garaia,Ollaran,Ollo,407,,,,,,,,,,,"21,7",,"22,27"
31195,Nafarroa Garaia,Orbaizeta,Orbaizeta,208,,,,,,,,,,,"12,2",,"52,60"
31196,Nafarroa Garaia,Orbara,Orbara,41,,,,,,,,,,,"23,1",,"54,24"
31197,Nafarroa Garaia,Orisoain,Orísoain,94,,,,,,,,,,,"12,8",,"7,47"
31198,Nafarroa Garaia,Orontze,Oronz <> Orontze,46,,,,,,,,,,,"16,3",,"32,73"
31199,Nafarroa Garaia,Orotz-Betelu,Oroz-Betelu <> Orotz-Betelu,156,,,,,,,,,,,"16,4",,"10,48"
31200,Nafarroa Garaia,Oteitza,Oteiza,944,,,,,,,,,,,"15,3",,"12,72"
31201,Nafarroa Garaia,Iruñea,Pamplona/Iruña,196.166,,,,,,,,,,,"9,4",,"14,00"
31202,Nafarroa Garaia,Azkoien,Peralta <> Azkoien,5.889,,,,,,,,,,,"22,4",,"2,23"
31203,Nafarroa Garaia,Petilla Aragoi,Petilla de Aragón,35,,,,,,,,,,,"26,8",,"1,35"
31204,Nafarroa Garaia,Piedramillera,Piedramillera,43,,,,,,,,,,,"25,7",,"5,83"
31205,Nafarroa Garaia,Pitillas,Pitillas,523,,,,,,,,,,,"20,6",,"3,84"
31206,Nafarroa Garaia,Gares,Puente la Reina <> Gares,2.812,,,,,,,,,,,"25,6",,"12,89"
31207,Nafarroa Garaia,Puiu,Pueyo,347,,,,,,,,,,,"16,4",,"12,01"
31208,Nafarroa Garaia,Ribaforada,Ribaforada,3.687,,,,,,,,,,,"26,2",,"1,09"
31209,Nafarroa Garaia,Erromantzatua,Romanzado,166,,,,,,,,,,,"17,6",,"12,18"
31210,Nafarroa Garaia,Erronkari,Roncal <> Erronkari,246,,,,,,,,,,,"16,7",,"14,66"
31211,Nafarroa Garaia,Orreaga,Orreaga/Roncesvalles,33,,,,,,,,,,,"24,4",,"26,00"
31212,Nafarroa Garaia,Zare,Sada,172,,,,,,,,,,,"19,0",,"4,50"
31213,Nafarroa Garaia,Saldias,Saldías,118,,,,,,,,,,,"22,8",,"97,45"
31214,Nafarroa Garaia,Jaitz,Salinas de Oro <> Jaitz,118,,,,,,,,,,,"16,4",,"7,21"
31215,Nafarroa Garaia,San Adrián,San Adrián,6.216,,,,,,,,,,,"12,0",,"2,24"
31216,Nafarroa Garaia,Zangoza,Sangüesa <> Zangoza,5.078,,,,,,,,,,,"18,0",,"9,66"
31217,Nafarroa Garaia,San Martin Unx,San Martín de Unx,414,,,,,,,,,,,"16,4",,"2,84"
31219,Nafarroa Garaia,Santsol,Sansol,104,,,,,,,,,,,"18,3",,"3,21"
31220,Nafarroa Garaia,Santakara,Santacara,895,,,,,,,,,,,"14,9",,"4,95"
31221,Nafarroa Garaia,Doneztebe,Doneztebe/Santesteban,1.644,,,,,,,,,,,"18,0",,"74,69"
31222,Nafarroa Garaia,Sartze,Sarriés <> Sartze,62,,,,,,,,,,,"11,0",,"10,76"
31223,Nafarroa Garaia,Sartaguda,Sartaguda,1.317,,,,,,,,,,,"12,5",,"6,23"
31224,Nafarroa Garaia,Sesma,Sesma,1.201,,,,,,,,,,,"18,3",,"0,54"
31225,Nafarroa Garaia,Sorlada,Sorlada,71,,,,,,,,,,,"15,4",,"1,00"
31226,Nafarroa Garaia,Sunbilla,Sunbilla,650,,,,,,,,,,,"24,7",,"92,16"
31227,Nafarroa Garaia,Tafalla,Tafalla,10.966,,,,,,,,,,,"11,1",,"11,07"
31228,Nafarroa Garaia,Tebas-Muru Artederreta,Tiebas-Muruarte de Reta,633,,,,,,,,,,,"20,8",,"6,55"
31229,Nafarroa Garaia,Tirapu,Tirapu,57,,,,,,,,,,,"21,3",,"13,49"
31230,Nafarroa Garaia,Torralba Del Río,Torralba del Río,120,,,,,,,,,,,"19,3",,"1,69"
31231,Nafarroa Garaia,Torres Del Río,Torres del Río,135,,,,,,,,,,,"8,3",,"1,78"
31232,Nafarroa Garaia,Tutera,Tudela,35.062,,,,,,,,,,,"15,8",,"2,29"
31233,Nafarroa Garaia,Tulebras,Tulebras,125,,,,,,,,,,,"23,0",,"0,71"
31234,Nafarroa Garaia,Ukar,Úcar,191,,,,,,,,,,,"14,8",,"2,82"
31235,Nafarroa Garaia,Uxue,Ujué,198,,,,,,,,,,,"24,1",,"5,04"
31236,Nafarroa Garaia,Ultzama,Ultzama,1.668,,,,,,,,,,,"20,2",,"59,49"
31237,Nafarroa Garaia,Untzitibar,Unciti,229,,,,,,,,,,,"25,0",,"6,77"
31238,Nafarroa Garaia,Untzue,Unzué <> Untzue,127,,,,,,,,,,,"20,7",,"7,04"
31239,Nafarroa Garaia,Urdazubi,Urdazubi/Urdax,392,,,,,,,,,,,"14,3",,"93,42"
31240,Nafarroa Garaia,Urdiain,Urdiain,677,,,,,,,,,2017-06-18,,"19,0",,"84,15"
31241,Nafarroa Garaia,Urraulgoiti,Urraúl Alto,151,,,,,,,,,,,"20,6",,"4,88"
31242,Nafarroa Garaia,Urraulbeiti,Urraúl Bajo,290,,,,,,,,,,,"26,5",,"11,31"
31243,Nafarroa Garaia,Urrotz,Urroz-Villa,398,,,,,,,,,,,"30,4",,"3,11"
31244,Nafarroa Garaia,Urroz,Urrotz,179,,,,,,,,,,,"15,3",,"99,49"
31245,Nafarroa Garaia,Urzainki,Urzainqui <> Urzainki,100,,,,,,,,,,,"17,5",,"11,27"
31246,Nafarroa Garaia,Uterga,Uterga,172,,,,,,,,,,,"18,7",,"6,01"
31247,Nafarroa Garaia,Uztarroze,Uztárroz <> Uztarroze,158,,,,,,,,,,,"21,3",,"13,87"
31248,Nafarroa Garaia,Luzaide,Luzaide / Valcarlos,380,,,,,,,,,,,"20,6",,"73,70"
31249,Nafarroa Garaia,Valtierra,Valtierra,2.467,,,,,,,,,,,"17,2",,"0,96"
31250,Nafarroa Garaia,Bera,Bera,3.760,,,,,,,,,2017-06-18,,"20,9",,"78,75"
31251,Nafarroa Garaia,Viana,Viana,4.084,,,,,,,,,,,"14,8",,"6,57"
31252,Nafarroa Garaia,Bidankoze,Vidángoz <> Bidankoze,96,,,,,,,,,,,"17,1",,"6,67"
31253,Nafarroa Garaia,Bidaurreta,Bidaurreta,160,,,,,,,,,,,"12,6",,"11,22"
31254,Nafarroa Garaia,Alesbes,Villafranca,2.860,,,,,,,,,,,"17,9",,"0,12"
31255,Nafarroa Garaia,Villamayor De Monjardín,Villamayor de Monjardín,130,,,,,,,,,,,"11,9",,"6,02"
31256,Nafarroa Garaia,Hiriberri,Hiriberri/Villanueva de Aezkoa,113,,,,,,,,,,,"12,8",,"56,38"
31257,Nafarroa Garaia,Villatuerta,Villatuerta,1.128,,,,,,,,,,,"23,7",,"8,31"
31258,Nafarroa Garaia,Atarrabia,Villava / Atarrabia,10.211,,,,,,,,,,,"26,7",,"20,76"
31259,Nafarroa Garaia,Igantzi,Igantzi,625,,,,,,,,,2017-06-18,,"16,8",,"92,10"
31260,Nafarroa Garaia,Deierri,Valle de Yerri <> Deierri,1.517,,,,,,,,,,,"19,6",,"13,84"
31261,Nafarroa Garaia,Esa,Yesa,223,,,,,,,,,,,"19,3",,"8,89"
31262,Nafarroa Garaia,Zabaltza,Zabalza <> Zabaltza,295,,,,,,,,,,,"19,0",,"17,32"
31263,Nafarroa Garaia,Zubieta,Zubieta,319,,,,,,,,,,,"24,2",,"98,24"
31264,Nafarroa Garaia,Zugarramurdi,Zugarramurdi,225,,,,,,,,,,,"12,3",,"91,46"
31265,Nafarroa Garaia,Zuñiga,Zúñiga,104,,,,,,,,,,,"22,5",,"27,75"
31901,Nafarroa Garaia,Barañain,Barañáin,20.458,,,,,,,,,,,"20,0",,"15,02"
31902,Nafarroa Garaia,Berriobeiti,Berrioplano <> Berriobeiti,6.444,,,,,,,,,,,"17,8",,"18,00"
31903,Nafarroa Garaia,Berriozar,Berriozar,9.625,,,,,,,,,,,"20,6",,"14,24"
31904,Nafarroa Garaia,Irurtzun,Irurtzun,2.223,,,,,,,,,2017-06-18,,"22,2",,"28,86"
31905,Nafarroa Garaia,Beriain,Beriáin,3.874,,,,,,,,,,,"27,5",,"3,32"
31906,Nafarroa Garaia,Orkoien,Orkoien,3.743,,,,,,,,,,,"11,1",,"12,01"
31907,Nafarroa Garaia,Zizur Nagusia,Zizur Mayor <> Zizur Nagusia,14.253,,,,,,,,,,,"21,6",,"18,38"
31908,Nafarroa Garaia,Lekunberri,Lekunberri,1.469,,,,,,,,,2017-06-18,,"12,8",,"70,77"
39101,Bizkaia,Villaverde Turtzioz,Valle de Villaverde,327,,,,,,,,,,,"26,5",,
48001,Bizkaia,Abadiño,Abadiño,7.504,,,,,,,,,2017-05-07,,"27,0","9,3","64,95"
48002,Bizkaia,Abanto,Abanto y Ciérvana-Abanto Zierbena,9.688,,,,,,,,,,,"29,7","17,5","38,79"
48003,Bizkaia,Zornotza,Amorebieta-Etxano,18.579,,,,,,,,,2017-05-07,,"23,4","11,1","64,31"
48004,Bizkaia,Amoroto,Amoroto,417,,,,,,,,,,,"19,5","6,2","95,30"
48005,Bizkaia,Arakaldo,Arakaldo,144,,,,,,,,,,,"24,6","3,4","58,97"
48006,Bizkaia,Arantzazu,Arantzazu,380,,,,,,,,,,,"15,0","8,1","83,14"
48007,Bizkaia,Munitibar,Munitibar-Arbatzegi Gerrikaitz-,469,,,,,,,,,,,"16,2","6,0","93,09"
48008,Bizkaia,Artzentales,Artzentales,722,,,,,,,,,,,"24,7","13,9","30,48"
48009,Bizkaia,Arrankudiaga,Arrankudiaga,974,bai,450,13,33,6,,502,"61,59",2014-11-02,Nahi duzu euskal estatu subirano bateko herritar izan?,"21,8","8,1","66,61"
48010,Bizkaia,Arrieta,Arrieta,573,,,,,,,,,2017-05-07,,"17,6","7,2","85,13"
48011,Bizkaia,Arrigorriaga,Arrigorriaga,12.374,,,,,,,,,2017-05-07,,"29,5","14,6","47,27"
48012,Bizkaia,Bakio,Bakio,2.615,,,,,,,,,2017-05-07,,"20,0","10,8","69,65"
48013,Bizkaia,Barakaldo,Barakaldo,100.080,,,,,,,,,,,"18,3","17,2","32,60"
48014,Bizkaia,Barrika,Barrika,1.537,,,,,,,,,2017-05-07,,"23,0","12,4","58,44"
48015,Bizkaia,Basauri,Basauri,41.624,,,,,,,,,,,"25,7","17,3","36,84"
48016,Bizkaia,Berango,Berango,6.925,,,,,,,,,2017-05-07,,"21,1","10,4","52,00"
48017,Bizkaia,Bermeo,Bermeo,17.057,,,,,,,,,2017-04-02,,"25,0","13,4","80,19"
48018,Bizkaia,Berriatua,Berriatua,1.236,,,,,,,,,2017-05-07,,"17,1","7,4","86,43"
48019,Bizkaia,Berriz,Berriz,4.785,,,,,,,,,,,"16,6","10,6","64,28"
48020,Bizkaia,Bilbo,Bilbao,346.574,,,,,,,,,,,"17,3","17,9","37,13"
48021,Bizkaia,Busturia,Busturia,1.693,,,,,,,,,2017-04-02,,"22,1","13,4","75,38"
48022,Bizkaia,Karrantza,Karrantza Harana / Valle de Carranza,2.794,,,,,,,,,,,"14,0","16,6","30,64"
48023,Bizkaia,Arteaga,Artea,775,,,,,,,,,,,"14,3","9,5","82,09"
48024,Bizkaia,Zeanuri,Zeanuri,1.269,,,,,,,,,2017-05-07,,"13,0","5,7","83,62"
48025,Bizkaia,Zeberio,Zeberio,1.085,,,,,,,,,,,"22,7","9,5","79,72"
48026,Bizkaia,Dima,Dima,1.416,bai,729,10,21,5,,765,"63,42",2017-04-18,,"18,8","7,2","87,38"
48027,Bizkaia,Durango,Durango,28.806,,,,,,,,,2017-05-07,,"29,6","11,6","62,31"
48028,Bizkaia,Ea,Ea,865,,,,,,,,,,,"24,6","9,7","84,13"
48029,Bizkaia,Etxebarri,Etxebarri,10.754,,,,,,,,,,,"9,5","11,7","42,77"
48030,Bizkaia,Etxebarria,Etxebarria,790,,,,,,,,,2017-05-07,,"15,0","5,5","90,85"
48031,Bizkaia,Elantxobe,Elantxobe,391,,,,,,,,,,,"4,6","14,6","91,54"
48032,Bizkaia,Elorrio,Elorrio,7.240,,,,,,,,,2017-05-07,,"9,5","7,7","71,23"
48033,Bizkaia,Ereño,Ereño,244,,,,,,,,,,,"6,3","6,1","90,04"
48034,Bizkaia,Ermua,Ermua,16.109,,,,,,,,,,,"8,3","12,2","43,57"
48035,Bizkaia,Fruiz,Fruiz,555,,,,,,,,,,,"4,2","8,2","82,43"
48036,Bizkaia,Galdakao,Galdakao,29.351,,,,,,,,,,,"6,8","12,8","52,15"
48037,Bizkaia,Galdames,Galdames,815,,,,,,,,,,,"8,1","13,9","34,38"
48038,Bizkaia,Gamiz-Fika,Gamiz-Fika,1.342,,,,,,,,,2017-05-07,,"3,6","8,8","81,29"
48039,Bizkaia,Garai,Garai,316,,,,,,,,,,,"4,5","8,9","86,57"
48040,Bizkaia,Gatika,Gatika,1.615,,,,,,,,,2017-05-07,,"8,1","8,6","80,27"
48041,Bizkaia,Gautegiz Arteaga,Gautegiz Arteaga,868,,,,,,,,,2017-04-02,,"6,3","7,0","85,96"
48042,Bizkaia,Gordexola,Gordexola,1.710,,,,,,,,,,,"3,7","10,7","40,34"
48043,Bizkaia,Gorliz,Gorliz,5.664,,,,,,,,,2017-05-07,,"11,2","12,5","56,60"
48044,Bizkaia,Getxo,Getxo,79.544,,,,,,,,,,,"3,6","11,4","43,64"
48045,Bizkaia,Gueñes,Güeñes,6.535,,,,,,,,,,,"8,0","17,4","38,20"
48046,Bizkaia,Gernika-Lumo,Gernika-Lumo,16.797,,,,,,,,,2017-04-02,,"1,9","14,0","75,57"
48047,Bizkaia,Gizaburuaga,Gizaburuaga,212,,,,,,,,,,,"7,1","5,3","93,37"
48048,Bizkaia,Ibarrangelu,Ibarrangelu,639,,,,,,,,,,,"5,4","9,0","85,67"
48049,Bizkaia,Ispaster,Ispaster,708,bai,351,10,14,2,591,377,"63,79",2016-06-05,Nahi al duzu euskal estatu burujabe bateko herritarra izan?,"6,2","5,7","90,62"
48050,Bizkaia,Izurtza,Izurtza,274,,,,,,,,,,,"3,1","5,7","80,43"
48051,Bizkaia,Lanestosa,Lanestosa,266,,,,,,,,,,,"10,7","11,9","24,44"
48052,Bizkaia,Larrabetzu,Larrabetzu,2.023,bai,866,31,1,21,1585,919,"57,98",2017-03-19,Euskal estatu burujabe bateko herritar izan gura dozu?,"5,5","7,5","79,73"
48053,Bizkaia,Laukiz,Laukiz,1.129,,,,,,,,,,,"7,4","7,7","64,71"
48054,Bizkaia,Leioa,Leioa,30.685,,,,,,,,,2017,,"10,9","12,3","45,42"
48055,Bizkaia,Lemoa,Lemoa,3.512,,,,,,,,,,,"10,0","12,1","67,07"
48056,Bizkaia,Lemoiz,Lemoiz,1.182,,,,,,,,,2017-05-07,,"8,6","8,5","70,79"
48057,Bizkaia,Lekeitio,Lekeitio,7.305,,,,,,,,,2017-05-07,,"6,9","8,6","85,82"
48058,Bizkaia,Mallabia,Mallabia,1.211,,,,,,,,,,,"6,0","7,5","78,86"
48059,Bizkaia,Mañaria,Mañaria,507,,,,,,,,,,,"6,6","8,5","85,73"
48060,Bizkaia,Markina-Xemein,Markina-Xemein,4.982,,,,,,,,,2017-05-07,,"2,1","8,6","83,77"
48061,Bizkaia,Jatabe,Maruri-Jatabe,945,,,,,,,,,2017-05-07,,"6,5","6,8","73,25"
48062,Bizkaia,Mendata,Mendata,379,,,,,,,,,,,"5,7","7,6","91,08"
48063,Bizkaia,Mendexa,Mendexa,455,,,,,,,,,2017-05-07,,"6,2","8,0","89,06"
48064,Bizkaia,Meñaka,Meñaka,745,,,,,,,,,2017-05-07,,"14,8","7,0","83,26"
48065,Bizkaia,Ugao,Ugao-Miraballes,4.085,,,,,,,,,,,"4,9","14,2","51,64"
48066,Bizkaia,Morga,Morga,416,,,,,,,,,,,"3,3","8,8","88,65"
48067,Bizkaia,Muxika,Muxika,1.443,,,,,,,,,,,"3,2","9,5","90,73"
48068,Bizkaia,Mundaka,Mundaka,1.893,,,,,,,,,,,"10,9","11,0","77,75"
48069,Bizkaia,Mungia,Mungia,17.055,,,,,,,,,2017-05-07,,"7,3","12,2","65,36"
48070,Bizkaia,Aulesti,Aulesti,654,,,,,,,,,2017-05-07,,"3,0","6,5","93,28"
48071,Bizkaia,Muskiz,Muskiz,7.612,,,,,,,,,,,"14,8","15,0","39,05"
48072,Bizkaia,Otxandio,Otxandio,1.297,,,,,,,,,2017-05-07,,"10,2","8,3","76,29"
48073,Bizkaia,Ondarroa,Ondarroa,8.575,,,,,,,,,2017-05-07,,"6,1","11,1","84,17"
48074,Bizkaia,Urduña,Urduña / Orduña,4.216,,,,,,,,,,,"12,0","11,3","38,96"
48075,Bizkaia,Orozko,Orozko,2.610,,,,,,,,,2017-05-07,,"12,4","6,4","70,92"
48076,Bizkaia,Sukarrieta,Sukarrieta,355,,,,,,,,,,,"7,5","13,1","76,80"
48077,Bizkaia,Plentzia,Plentzia,4.344,,,,,,,,,2017-05-07,,"11,3","11,0","53,31"
48078,Bizkaia,Portugalete,Portugalete,47.117,,,,,,,,,,,"8,4","16,6","33,78"
48079,Bizkaia,Errigoiti,Errigoiti,520,,,,,,,,,,,"7,5","7,3","87,43"
48080,Bizkaia,Trapagaran,Valle de Trápaga-Trapagaran,12.129,,,,,,,,,,,"2,3","15,8","36,06"
48081,Bizkaia,Lezama,Lezama,2.432,,,,,,,,,,,"2,4","10,1","73,40"
48082,Bizkaia,Santurtzi,Santurtzi,46.651,,,,,,,,,,,"9,7","18,1","34,33"
48083,Bizkaia,Ortuella,Ortuella,8.410,,,,,,,,,,,"5,0","18,0","36,24"
48084,Bizkaia,Sestao,Sestao,28.288,,,,,,,,,,,"5,5","23,0","32,15"
48085,Bizkaia,Sopela,Sopelana,13.061,,,,,,,,,2017-05-07,,"7,3","11,9","58,29"
48086,Bizkaia,Sopuerta,Sopuerta,2.563,,,,,,,,,,,"5,7","12,8","35,84"
48087,Bizkaia,Turtzioz,Trucios-Turtzioz,525,,,,,,,,,,,"3,2","15,3","29,16"
48088,Bizkaia,Ubide,Ubide,180,,,,,,,,,,,"12,1","9,1","74,44"
48089,Bizkaia,Urduliz,Urdúliz,3.930,,,,,,,,,2017-05-07,,"7,6","10,7","62,17"
48090,Bizkaia,Balmaseda,Balmaseda,7.829,,,,,,,,,,,"10,4","18,6","35,86"
48091,Bizkaia,Atxondo,Atxondo,1.393,,,,,,,,,,,"4,4","7,0","71,17"
48092,Bizkaia,Bedia,Bedia,1.035,,,,,,,,,,,"5,9","12,9","69,51"
48093,Bizkaia,Areatza,Areatza,1.211,,,,,,,,,,,"3,0","12,1","71,17"
48094,Bizkaia,Igorre,Igorre,4.247,,,,,,,,,,,"6,0","12,1","75,28"
48095,Bizkaia,Zaldibar,Zaldibar,3.062,,,,,,,,,,,"12,1","9,7","60,40"
48096,Bizkaia,Zalla,Zalla,8.481,,,,,,,,,,,"3,5","18,0","38,45"
48097,Bizkaia,Zaratamo,Zaratamo,1.652,,,,,,,,,,,"5,4","14,5","52,98"
48901,Bizkaia,Derio,Derio,5.940,,,,,,,,,,,"4,3","10,0","48,48"
48902,Bizkaia,Erandio,Erandio,24.311,,,,,,,,,,,"10,5","15,3","38,80"
48903,Bizkaia,Loiu,Loiu,2.388,,,,,,,,,,,"8,3","6,8","60,14"
48904,Bizkaia,Sondika,Sondika,4.589,,,,,,,,,,,"5,5","12,1","53,85"
48905,Bizkaia,Zamudio,Zamudio,3.263,,,,,,,,,,,"19,6","11,0","59,00"
48906,Bizkaia,Forua,Forua,956,,,,,,,,,,,"9,6","12,4","82,82"
48907,Bizkaia,Kortezubi,Kortezubi,461,,,,,,,,,2017-04-02,,"7,5","7,5","92,80"
48908,Bizkaia,Murueta,Murueta,311,,,,,,,,,2017-04-02,,"8,2","7,6","89,01"
48909,Bizkaia,Nabarniz,Nabarniz,239,,,,,,,,,2017-04-02,,"5,1","8,8","93,27"
48910,Bizkaia,Iurreta,Iurreta,3.781,,,,,,,,,,,"4,8","12,9","59,03"
48911,Bizkaia,Ajangiz,Ajangiz,463,,,,,,,,,,,"15,3","6,4","91,91"
48912,Bizkaia,Alonsotegi,Alonsotegi,2.843,,,,,,,,,,,"5,0","21,0","37,66"
48913,Bizkaia,Zierbena,Zierbena,1.498,,,,,,,,,,,"0,0","12,4","40,60"
48914,Bizkaia,Arratzu,Arratzu,398,,,,,,,,,,,"2,1","6,7","92,20"
48915,Bizkaia,Ziortza-Bolibar,Ziortza-Bolibar,434,,,,,,,,,2017-05-07,,"6,3","5,3","93,20"
64008,Nafarroa Beherea,Ahatsa-Altzieta-Bazkazane,Ahaxe-Alciette-Bascassan,286,,,,,,,,,,,"4,5",,"63,33"
64009,Lapurdi,Ahetze,Ahetze,1.856,,,,,,,,,,,"3,1",,"15,91"
64010,Nafarroa Beherea,Aiziritze-Gamue-Zohazti,Aïcirits-Camou-Suhast,650,,,,,,,,,,,"4,9",,"10,55"
64011,Nafarroa Beherea,Aintzila,Aincille,135,,,,,,,,,,,"4,3",,"71,19"
64012,Zuberoa,Ainharbe,Aïnharp,145,,,,,,,,,,,"8,2",,"52,82"
64013,Nafarroa Beherea,Ainhize-Monjolose,Ainhice-Mongelos,163,,,,,,,,,,,"3,2",,"77,44"
64014,Lapurdi,Ainhoa,Aïnharp,673,,,,,,,,,,,"7,8",,"27,34"
64015,Zuberoa,Altzai-Altzabeheti-Zunharreta,Alçay-Alçabéhéty-Sunharette,231,,,,,,,,,,,"5,7",,"72,53"
64016,Nafarroa Beherea,Aldude,Les Aldudes,355,,,,,,,,,,,"2,1",,"52,78"
64017,Zuberoa,Aloze-Ziboze-Onizegaine,Alos-Sibas-Abense,293,,,,,,,,,,,"1,1",,"60,82"
64018,Nafarroa Beherea,Amendüze-Unaso,Amendeuix-Oneix,421,,,,,,,,,,,"8,7",,"17,17"
64019,Nafarroa Beherea,Amorotze-Zokotze,Amorots-Succos,231,,,,,,,,,,,"6,5",,"19,12"
64024,Lapurdi,Angelu,Anglet,38.581,,,,,,,,,,,"9,9",,"8,10"
64026,Nafarroa Beherea,Anhauze,Anhaux,319,,,,,,,,,,,"9,4",,"55,06"
64031,Nafarroa Beherea,Erango,Arancou,128,,,,,,,,,,,"4,7",,"11,83"
64034,Nafarroa Beherea,Arberatze-Zilhekoa,Arbérats-Sillègue,296,,,,,,,,,,,"6,4",,"17,22"
64035,Lapurdi,Arbona,Arbonne,2.056,,,,,,,,,,,"5,3",,"9,59"
64036,Nafarroa Beherea,Arboti-Zohota,Arbouet-Sussaute,300,,,,,,,,,,,"2,3",,"11,16"
64038,Lapurdi,Arrangoitze,Arcangues,3.107,,,,,,,,,,,"2,4",,"18,76"
64045,Nafarroa Beherea,Arhantsusi,Arhansus,73,,,,,,,,,,,"8,0",,"72,84"
64046,Nafarroa Beherea,Armendaritze,Armendarits,386,,,,,,,,,,,"4,9",,"16,01"
64047,Nafarroa Beherea,Arnegi,Arnéguy,241,,,,,,,,,,,"6,3",,"65,38"
64049,Zuberoa,Arüe-Ithorrotze-Olhaibi,Aroue-Ithorots-Olhaïby,247,,,,,,,,,,,"2,4",,"51,22"
64050,Zuberoa,Ürrüstoi-Larrabile,Arrast-Larrebieu,96,,,,,,,,,,,"6,3",,"60,19"
64051,Nafarroa Beherea,Arrueta-Sarrikota,Arraute-Charritte,381,,,,,,,,,,,"3,9",,"13,35"
64065,Lapurdi,Azkaine,Ascain,4.079,,,,,,,,,,,"6,7",,"8,49"
64066,Nafarroa Beherea,Azkarate,Ascarat,315,,,,,,,,,,,"11,6",,"51,27"
64081,Zuberoa,Altzürükü,Aussurucq,252,,,,,,,,,,,"3,4",,"58,27"
64086,Nafarroa Beherea,Aiherra,Ayherre,987,,,,,,,,,,,"4,6",,"17,28"
64092,Nafarroa Beherea,Banka,Banca,333,,,,,,,,,,,"8,1",,"63,47"
64093,Zuberoa,Barkoxe,Barcus,714,,,,,,,,,,,"9,7",,"77,39"
64094,Lapurdi,Bardoze,Bardos,1.621,,,,,,,,,,,"3,5",,"20,06"
64100,Lapurdi,Basusarri,Bassussarry,2.422,,,,,,,,,,,"7,0",,"16,93"
64102,Lapurdi,Baiona,Bayonne,44.331,,,,,,,,,,,"5,3",,"7,19"
64105,Nafarroa Beherea,Behauze,Béguios,262,,,,,,,,,,,"9,0",,"12,18"
64106,Nafarroa Beherea,Behaskane-Laphizketa,Béhasque-Lapiste,430,,,,,,,,,,,"6,0",,"17,07"
64107,Nafarroa Beherea,Behorlegi,Béhorléguy,76,,,,,,,,,,,"5,1",,"79,17"
64113,Nafarroa Beherea,Burgue-Erreiti,Bergouey-Viellenave,130,,,,,,,,,,,"6,7",,"13,68"
64115,Zuberoa,Berrogaine-Larüntze,Berrogain-Laruns,126,,,,,,,,,,,"9,4",,"51,47"
64120,Nafarroa Beherea,Bithiriña,Beyrie-sur-Joyeuse,511,,,,,,,,,,,"3,1",,"16,04"
64122,Lapurdi,Biarritz,Biarritz,25.903,,,,,,,,,,,"4,6",,"8,26"
64123,Nafarroa Beherea,Bidaxune,Bidache,1.289,,,,,,,,,,,"11,8",,"15,25"
64124,Nafarroa Beherea,Bidarrai,Bidarray,658,,,,,,,,,,,"14,0",,"68,78"
64125,Lapurdi,Bidarte,Bidart,6.296,,,,,,,,,,,"12,1",,"9,27"
64130,Lapurdi,Biriatu,Biriatou,1.114,,,,,,,,,,,"5,1",,"8,55"
64134,Lapurdi,Lekuine,Bonloc,370,,,,,,,,,,,"5,8",,"20,14"
64140,Lapurdi,Bokale,Boucau,7.801,,,,,,,,,,,"9,2",,"8,07"
64147,Lapurdi,Beskoitze,Briscous,2.637,,,,,,,,,,,"3,8",,"17,44"
64150,Nafarroa Beherea,Bunuze,Bunus,159,,,,,,,,,,,"2,9",,"79,72"
64154,Nafarroa Beherea,Duzunaritze-Sarasketa,Bussunarits-Sarrasquette,170,,,,,,,,,,,"4,6",,"75,98"
64155,Nafarroa Beherea,Buztintze-Hiriberri,Bustince-Iriberry,90,,,,,,,,,,,"4,3",,"73,40"
64160,Lapurdi,Kanbo,Cambo-les-Bains,6.577,,,,,,,,,,,"12,8",,"22,12"
64161,Nafarroa Beherea,Akamarre,Came,856,,,,,,,,,,,"6,8",,"11,01"
64162,Zuberoa,Gamere-Zihiga,Camou-Cihigue,102,,,,,,,,,,,"7,5",,"65,79"
64166,Nafarroa Beherea,Zaro,Çaro,183,,,,,,,,,,,"4,4",,"73,91"
64187,Zuberoa,Sarrikotapea,Charritte-de-Bas,247,,,,,,,,,,,"6,4",,"63,64"
64188,Zuberoa,Sohüta,Chéraute,1.106,,,,,,,,,,,"12,2",,"50,54"
64189,Lapurdi,Ziburu,Ciboure,6.864,,,,,,,,,,,"3,5",,"11,04"
64202,Zuberoa,Domintxaine-Berroeta,Domezain-Berraute,512,,,,,,,,,,,"7,6",,"60,17"
64213,Lapurdi,Ezpeleta,Espelette,2.006,,,,,,,,,,,"8,5",,"14,96"
64214,Zuberoa,Ezpeize-Ündüreine,Espès-Undurein,504,,,,,,,,,,,"8,9",,"59,70"
64217,Zuberoa,Eskiula,Esquiule,537,,,,,,,,,,,"10,3",,"62,85"
64218,Nafarroa Beherea,Ezterenzubi,Estérençuby,357,,,,,,,,,,,"6,7",,"78,01"
64221,Zuberoa,Etxarri,Etcharry,126,,,,,,,,,,,"0,0",,"59,02"
64222,Zuberoa,Etxebarre,Etchebar,68,,,,,,,,,,,"6,8",,"67,74"
64228,Nafarroa Beherea,Gabadi,Gabat,218,,,,,,,,,,,"1,2",,"10,23"
64229,Nafarroa Beherea,Gamarte,Gamarthe,123,,,,,,,,,,,"7,4",,"64,76"
64231,Zuberoa,Garindaine,Garindein,516,,,,,,,,,,,"3,2",,"68,38"
64235,Nafarroa Beherea,Garrüze,Garris,298,,,,,,,,,,,"5,5",,"17,61"
64242,Zuberoa,Jeztaze,Gestas,66,,,,,,,,,,,"2,8",,"67,14"
64247,Zuberoa,Gotaine-Irabarne,Gotein-Libarrenx,447,,,,,,,,,,,"7,4",,"55,95"
64249,Lapurdi,Getaria,Guéthary,1.326,,,,,,,,,,,"2,8",,"11,23"
64250,Lapurdi,Gixune,Guiche,920,,,,,,,,,,,"9,9",,"20,27"
64255,Lapurdi,Haltsu,Halsou,517,,,,,,,,,,,"8,1",,"15,31"
64256,Lapurdi,Hazparne,Hasparren,6.139,,,,,,,,,,,"9,6",,"20,62"
64258,Zuberoa,Hauze,Haux,90,,,,,,,,,,,"8,6",,"65,05"
64259,Nafarroa Beherea,Heleta,Hélette,709,,,,,,,,,,,"6,3",,"27,94"
64260,Lapurdi,Hendaia,Hendaye,15.976,,,,,,,,,,,,,"8,73"
64264,Zuberoa,Ospitalepea,L'Hôpital-Saint-Blaise,83,,,,,,,,,,,,,"64,47"
64265,Nafarroa Beherea,Hozta,Hosta,75,,,,,,,,,,,,,"72,15"
64267,Nafarroa Beherea,Ibarrola,Ibarrolle,98,,,,,,,,,,,,,"77,27"
64268,Zuberoa,Idauze-Mendi,Idaux-Mendy,265,,,,,,,,,,,,,"57,41"
64271,Nafarroa Beherea,Iholdi,Iholdy,554,,,,,,,,,,,,,"21,12"
64272,Nafarroa Beherea,Ilharre,Ilharre,148,,,,,,,,,,,,,"11,45"
64273,Nafarroa Beherea,Irisarri,Irissarry,866,,,,,,,,,,,,,"28,59"
64274,Nafarroa Beherea,Irulegi,Irouléguy,341,,,,,,,,,,,,,"60,34"
64275,Nafarroa Beherea,Izpura,Ispoure,606,,,,,,,,,,,,,"81,35"
64277,Nafarroa Beherea,Izturitze,Isturits,458,,,,,,,,,,,,,"23,61"
64279,Lapurdi,Itsasu,Itxassou,2.018,,,,,,,,,,,,,"42,20"
64282,Lapurdi,Jatsu,Jatxou,1.096,,,,,,,,,,,,,"18,10"
64283,Nafarroa Beherea,Jatsu,Jaxu,165,,,,,,,,,,,,,"70,42"
64285,Nafarroa Beherea,Jutsi,Juxue,219,,,,,,,,,,,,,"59,38"
64289,Nafarroa Beherea,Bastida,Labastide-Clairence,1.010,,,,,,,,,,,,,"18,27"
64294,Nafarroa Beherea,Labetze-Bizkai,Labets-Biscay,155,,,,,,,,,,,,,"12,05"
64297,Nafarroa Beherea,Lakarra,Lacarre,163,,,,,,,,,,,,,"85,04"
64298,Zuberoa,Lakarri-Arhane-Sarrikotagaine,Lacarry-Arhan-Charritte-de-Haut,128,,,,,,,,,,,,,"65,32"
64303,Zuberoa,Liginaga-Astüe,Laguinge-Restoue,178,,,,,,,,,,,,,"63,76"
64304,Lapurdi,Lehuntze,Lahonce,2.062,,,,,,,,,,,,,"9,02"
64313,Nafarroa Beherea,Landibarre,Lantabat,294,,,,,,,,,,,,,"71,48"
64314,Nafarroa Beherea,Larzabale-Arroze-Zibitze,Larceveau-Arros-Cibits,402,,,,,,,,,,,,,"75,92"
64316,Zuberoa,Larraine,Larrau,196,,,,,,,,,,,,,"73,36"
64317,Lapurdi,Larresoro,Larressore,1.683,,,,,,,,,,,,,"18,64"
64319,Nafarroa Beherea,Larribarre-Sorhapürü,Larribar-Sorhapuru,189,,,,,,,,,,,,,"19,35"
64322,Nafarroa Beherea,Lasa,Lasse,300,,,,,,,,,,,,,"68,97"
64327,Nafarroa Beherea,Lekunberri,Lecumberry,181,,,,,,,,,,,,,"69,78"
64340,Zuberoa,Lexantzü-Zunharre,Lichans-Sunhar,66,,,,,,,,,,,,,"69,74"
64342,Zuberoa,Ligi-Atherei,Licq-Athérey,248,,,,,,,,,,,,,"60,17"
64345,Zuberoa,Lohitzüne-Oihergi,Lohitzun-Oyhercq,196,,,,,,,,,,,,,"61,75"
64350,Lapurdi,Luhuso,Louhossoa,888,,,,,,,,,,,,,"58,86"
64362,Nafarroa Beherea,Lüküze-Altzümarta,Luxe-Sumberraute,338,,,,,,,,,,,,,"16,47"
64364,Lapurdi,Makea,Macaye,545,,,,,,,,,,,,,"20,94"
64368,Nafarroa Beherea,Martxueta,Masparraute,252,,,,,,,,,,,,,"12,92"
64371,Zuberoa,Maule-Lextarre,Mauléon-Licharre,3.217,,,,,,,,,,,,,"57,41"
64375,Nafarroa Beherea,Mehaine,Méharin,259,,,,,,,,,,,,,"23,66"
64377,Lapurdi,Lekorne,Mendionde,824,,,,,,,,,,,,,"22,98"
64378,Zuberoa,Mendikota,Menditte,195,,,,,,,,,,,,,"71,28"
64379,Nafarroa Beherea,Mendibe,Mendive,188,,,,,,,,,,,,,"60,99"
64391,Zuberoa,Mitikile-Larrori-Mendibile,Moncayolle-Larrory-Mendibieu,334,,,,,,,,,,,,,"65,01"
64404,Zuberoa,Montori,Montory,320,,,,,,,,,,,,,"62,18"
64407,Lapurdi,Mugerre,Mouguerre,4.655,,,,,,,,,,,,,"8,97"
64411,Zuberoa,Muskildi,Musculdy,236,,,,,,,,,,,,,"70,14"
64424,Zuberoa,Urdiñarbe,Ordiarp,528,,,,,,,,,,,,,"59,03"
64425,Nafarroa Beherea,Oragarre,Orègue,476,,,,,,,,,,,,,"19,49"
64429,Nafarroa Beherea,Ostankoa,Orsanco,100,,,,,,,,,,,,,"15,63"
64432,Zuberoa,Ozaze-Zühara,Ossas-Suhare,90,,,,,,,,,,,,,"65,06"
64435,Zuberoa,Ozaraine-Erribareita,Osserain-Rivareyte,226,,,,,,,,,,,,,"51,13"
64436,Nafarroa Beherea,Ortzaize,Ossès,871,,,,,,,,,,,,,"58,91"
64437,Nafarroa Beherea,Izura-Azme,Ostabat-Asme,200,,,,,,,,,,,,,"56,83"
64441,Zuberoa,Pagola,Pagolle,270,,,,,,,,,,,,,"62,20"
64468,Zuberoa,Arrokiaga,Roquiague,119,,,,,,,,,,,,,"74,02"
64475,Zuberoa,Urdatx,Sainte-Engrâce,209,,,,,,,,,,,,,"70,52"
64476,Nafarroa Beherea,Donoztiri,Saint-Esteben,451,,,,,,,,,,,,,"23,12"
64477,Nafarroa Beherea,Baigorri,Saint-Étienne-de-Baïgorry,1.585,,,,,,,,,,,,,"53,74"
64483,Lapurdi,Donibane Lohizune,Saint-Jean-de-Luz,12.960,,,,,,,,,,,,,"8,38"
64484,Nafarroa Beherea,Donazaharre,Saint-Jean-le-Vieux,862,,,,,,,,,,,,,"70,18"
64485,Nafarroa Beherea,Donibane Garazi,Saint-Jean-Pied-de-Port,1.490,,,,,,,,,,,,,"68,37"
64487,Nafarroa Beherea,Donaixti-Ibarre,Saint-Just-Ibarre,238,,,,,,,,,,,,,"62,13"
64489,Nafarroa Beherea,Donamartiri,Saint-Martin-d'Arbéroue,321,,,,,,,,,,,,,"18,09"
64490,Nafarroa Beherea,Arrosa,Saint-Martin-d'Arrossa,487,,,,,,,,,,,,,"54,75"
64492,Nafarroa Beherea,Eiheralarre,Saint-Michel,275,,,,,,,,,,,,,"78,60"
64493,Nafarroa Beherea,Donapaleu,Saint-Palais,1.856,,,,,,,,,,,,,"19,19"
64495,Lapurdi,Senpere,Saint-Pée-sur-Nivelle,5.865,,,,,,,,,,,,,"20,19"
64496,Lapurdi,Hiriburu,Saint-Pierre-d'Irube,4.517,,,,,,,,,,,,,"8,93"
64502,Nafarroa Beherea,Samatze,Sames,656,,,,,,,,,,,,,"14,73"
64504,Lapurdi,Sara,Sare,2.517,,,,,,,,,,,,,"58,80"
64509,Zuberoa,Zalgize-Doneztebe,Sauguis-Saint-Étienne,163,,,,,,,,,,,,,"56,35"
64527,Lapurdi,Zuraide,Souraïde,1.270,,,,,,,,,,,,,"12,98"
64528,Nafarroa Beherea,Suhuskune,Suhescun,187,,,,,,,,,,,,,"60,49"
64533,Zuberoa,Atharratze-Sorholüze,Tardets-Sorholus,605,,,,,,,,,,,,,"74,84"
64537,Zuberoa,Iruri,Trois-Villes,136,,,,,,,,,,,,,"65,54"
64538,Nafarroa Beherea,Uharte Garazi,Uhart-Cize,702,,,,,,,,,,,,,"79,61"
64539,Nafarroa Beherea,Uhartehiri,Uhart-Mixe,223,,,,,,,,,,,,,"19,02"
64540,Lapurdi,Urketa,Urcuit,2.225,,,,,,,,,,,,,"9,02"
64543,Nafarroa Beherea,Urepele,Urepel,327,,,,,,,,,,,,,"63,46"
64545,Lapurdi,Urruña,Urrugne,8.946,,,,,,,,,,,,,"9,65"
64546,Lapurdi,Ahurti,Urt,2.208,,,,,,,,,,,,,"18,80"
64547,Lapurdi,Uztaritze,Ustaritz,6.226,,,,,,,,,,,,,"13,30"
64558,Lapurdi,Milafranga,Villefranque,2.266,,,,,,,,,,,,,"9,07"
64559,Zuberoa,Bildoze-Onizepea,Viodos-Abense-de-Bas,765,,,,,,,,,,,,,"65,35"
